event_id,lat,lon,dep,mag,time
0,35.6434,-117.566081,6.6,4.28,2019-07-04T17:35:01.000000Z
12,35.655884,-117.539461,9.319,3.06,2019-07-04T17:43:29.000000Z
28,35.659819,-117.518498,3.271,2.5,2019-07-04T17:57:31.000000Z
41,35.723824,-117.529696,5.965,2.49,2019-07-04T18:16:33.000000Z
55,35.656059,-117.532422,3.619,2.37,2019-07-04T18:52:13.000000Z
69,35.675732,-117.476237,7.874,4.15,2019-07-04T19:21:32.000000Z
83,35.699858,-117.507039,6.312,3.76,2019-07-04T20:14:50.000000Z
94,35.67006,-117.514518,4.013,2.98,2019-07-04T21:40:33.000000Z
106,35.672563,-117.472599,9.219,3.26,2019-07-04T23:12:40.000000Z
118,35.713009,-117.467187,3.021,2.41,2019-07-05T01:58:07.000000Z
130,35.682418,-117.497795,1.115,2.72,2019-07-05T03:46:54.000000Z
143,35.70249,-117.482935,0.771,2.16,2019-07-05T05:52:37.000000Z
155,35.724007,-117.53182,5.231,2.23,2019-07-05T10:27:17.000000Z
168,35.603007,-117.603963,4.259,2.15,2019-07-05T11:51:50.000000Z
180,35.790698,-117.613851,4.445,2.11,2019-07-05T14:01:47.000000Z
192,35.668717,-117.512061,5.539,2.29,2019-07-05T20:51:38.000000Z
204,35.771139,-117.598462,3.652,2.28,2019-07-06T00:14:41.000000Z
220,35.892952,-117.735531,9.905,4.55,2019-07-06T03:22:48.000000Z
240,35.905212,-117.702352,10.038,3.79,2019-07-06T03:30:59.000000Z
260,35.900431,-117.742464,9.341,3.51,2019-07-06T03:39:33.000000Z
275,35.680086,-117.46862,6.812,4.15,2019-07-06T03:46:26.000000Z
305,35.693583,-117.515918,6.794,2.86,2019-07-06T04:02:42.000000Z
335,35.662939,-117.48147,5.983,3.12,2019-07-06T04:18:07.000000Z
355,35.880359,-117.725521,5.13,3.16,2019-07-06T04:28:09.000000Z
371,35.895418,-117.741691,8.839,3.37,2019-07-06T04:34:11.000000Z
391,35.620614,-117.578117,6.134,2.98,2019-07-06T04:44:32.000000Z
411,35.874345,-117.656909,8.718,3.8,2019-07-06T04:53:41.000000Z
427,35.881991,-117.703817,4.776,2.69,2019-07-06T05:04:53.000000Z
445,35.909973,-117.733854,5.485,2.69,2019-07-06T05:16:20.000000Z
460,35.892289,-117.726229,2.644,2.41,2019-07-06T05:23:21.000000Z
479,35.879407,-117.692505,4.146,2.97,2019-07-06T05:32:29.000000Z
499,35.922262,-117.709351,4.182,3.15,2019-07-06T05:44:08.000000Z
515,35.89644,-117.729159,6.4,2.61,2019-07-06T05:55:06.000000Z
535,35.556946,-117.371606,4.936,2.65,2019-07-06T06:06:32.000000Z
550,35.877275,-117.682072,6.943,3.47,2019-07-06T06:17:20.000000Z
564,35.888477,-117.729378,2.701,2.54,2019-07-06T06:29:25.000000Z
578,35.698604,-117.506274,2.586,2.04,2019-07-06T06:37:19.000000Z
591,35.897746,-117.732812,7.273,2.52,2019-07-06T06:48:07.000000Z
608,35.719832,-117.526416,2.844,2.81,2019-07-06T07:04:21.000000Z
622,35.70461,-117.503621,7.907,2.98,2019-07-06T07:15:26.000000Z
636,35.874044,-117.70612,6.801,2.67,2019-07-06T07:30:04.000000Z
654,35.701945,-117.557438,4.249,2.85,2019-07-06T07:50:01.000000Z
667,35.888704,-117.729761,8.525,2.33,2019-07-06T08:05:55.000000Z
684,35.895654,-117.730542,6.109,3.16,2019-07-06T08:26:52.000000Z
699,35.895146,-117.708537,8.086,2.42,2019-07-06T08:40:45.000000Z
713,35.840731,-117.686743,6.517,2.49,2019-07-06T09:04:10.000000Z
726,35.873425,-117.721468,8.985,2.89,2019-07-06T09:20:59.000000Z
741,35.674939,-117.467635,9.894,2.44,2019-07-06T09:38:34.000000Z
754,35.868953,-117.626343,2.049,2.41,2019-07-06T09:52:26.000000Z
767,35.649923,-117.451652,4.856,2.46,2019-07-06T10:03:22.000000Z
780,35.877763,-117.715837,4.348,2.62,2019-07-06T10:22:55.000000Z
791,35.911357,-117.73501,7.991,2.58,2019-07-06T10:38:31.000000Z
803,35.676485,-117.521777,9.035,2.44,2019-07-06T11:02:30.000000Z
816,35.898653,-117.729451,5.403,2.34,2019-07-06T11:24:21.000000Z
830,35.895142,-117.734847,2.335,2.71,2019-07-06T11:54:53.000000Z
843,35.772579,-117.593229,7.772,2.88,2019-07-06T12:12:35.000000Z
856,35.633606,-117.426563,4.957,2.2,2019-07-06T12:44:44.000000Z
868,35.883346,-117.699292,9.75,2.49,2019-07-06T13:17:39.000000Z
883,35.590934,-117.420353,7.244,2.79,2019-07-06T13:41:42.000000Z
897,35.627307,-117.455062,2.459,2.22,2019-07-06T14:11:43.000000Z
910,35.834054,-117.660254,3.035,2.06,2019-07-06T14:41:16.000000Z
922,35.892131,-117.725138,5.573,2.56,2019-07-06T15:19:53.000000Z
934,35.922705,-117.680859,3.336,2.04,2019-07-06T15:34:36.000000Z
945,35.830998,-117.667122,7.884,2.12,2019-07-06T16:06:06.000000Z
957,35.877437,-117.711825,6.016,3.23,2019-07-06T16:42:05.000000Z
969,35.556287,-117.366732,5.056,2.29,2019-07-06T17:16:39.000000Z
981,35.869792,-117.704435,9.981,2.31,2019-07-06T17:51:16.000000Z
993,35.855143,-117.663875,9.878,2.39,2019-07-06T18:35:08.000000Z
1006,35.730599,-117.57946,10.911,2.68,2019-07-06T19:16:02.000000Z
1017,35.893929,-117.727116,5.706,2.88,2019-07-06T19:54:29.000000Z
1030,35.855493,-117.692765,7.943,2.31,2019-07-06T20:48:56.000000Z
1042,35.624215,-117.457243,2.982,2.39,2019-07-06T22:01:22.000000Z
1054,35.873401,-117.702783,6.862,2.5,2019-07-06T23:22:58.000000Z
1066,35.71792,-117.5698,6.093,2.19,2019-07-07T00:21:48.000000Z
1078,35.689608,-117.533464,7.726,2.85,2019-07-07T01:30:52.000000Z
1090,35.748401,-117.595199,7.377,3.49,2019-07-07T03:13:12.000000Z
1102,35.664933,-117.521387,7.527,3.1,2019-07-07T06:07:06.000000Z
1114,35.909216,-117.705461,4.879,2.89,2019-07-07T07:13:02.000000Z
1126,35.89012,-117.713867,3.804,2.34,2019-07-07T08:15:48.000000Z
1138,35.747575,-117.543424,11.548,3.34,2019-07-07T09:41:22.000000Z
1150,35.981498,-117.930127,7.009,2.41,2019-07-07T11:16:11.000000Z
1163,35.874626,-117.696672,5.723,2.47,2019-07-07T13:13:13.000000Z
1175,35.573177,-117.412923,7.762,2.73,2019-07-07T15:05:04.000000Z
1187,35.85343,-117.692708,7.62,2.24,2019-07-07T17:33:04.000000Z
1199,35.831946,-117.6566,7.518,2.45,2019-07-07T19:28:09.000000Z
1211,35.855107,-117.679704,10.659,2.64,2019-07-07T21:41:24.000000Z
1223,35.558834,-117.386507,7.164,3.18,2019-07-07T23:44:57.000000Z
1237,35.867993,-117.700806,7.891,2.4,2019-07-08T03:45:33.000000Z
1248,35.873035,-117.720874,9.012,3.01,2019-07-08T05:02:10.000000Z
1260,36.154565,-117.873348,4.969,3.25,2019-07-08T07:31:58.000000Z
1272,35.903312,-117.731055,8.13,2.85,2019-07-08T10:44:12.000000Z
1284,36.036011,-117.357031,8.559,2.33,2019-07-08T13:29:06.000000Z
1297,35.889958,-117.72631,5.564,2.73,2019-07-08T16:22:53.000000Z
1309,35.739465,-117.561149,4.263,2.84,2019-07-08T18:03:54.000000Z
1320,35.92828,-117.311776,8.972,2.98,2019-07-08T22:18:49.000000Z
1334,35.71217,-117.544808,4.502,2.52,2019-07-09T04:32:11.000000Z
1346,35.736772,-117.56897,3.586,2.56,2019-07-09T07:54:06.000000Z
1358,35.954142,-117.677783,2.371,3.25,2019-07-09T10:21:52.000000Z
1371,35.952291,-117.687939,5.497,2.37,2019-07-09T15:23:20.000000Z
1383,35.663367,-117.541569,5.19,2.24,2019-07-09T20:59:19.000000Z
