station,lat,lon,ele
CI.APL,35.34149,-116.87464,959.0
CI.CCA,35.15252,-118.01649,710.0
CI.CCC,35.52495,-117.36453,670.0
CI.CGO,36.5504,-117.80295,2795.0
CI.CLC,35.81574,-117.59751,775.0
CI.CWC,36.439047,-118.080495,1569.49
CI.DAW,36.27148,-117.59214,1477.37
CI.DTP,35.26742,-117.84581,908.0
CI.EDW2,34.8811,-117.99388,772.0
CI.FUR,36.46703,-116.86322,-37.0
CI.GSC,35.30177,-116.80574,1000.0
CI.HAR,35.0114,-117.29909,620.0
CI.HYS,34.86532,-117.56975,833.0
CI.JRC2,35.98249,-117.80885,1469.0
CI.LDR,34.9906,-118.34156,1121.0
CI.LMR2,34.93439,-117.69629,964.0
CI.MPM,36.05799,-117.48901,1839.0
CI.SLA,35.89095,-117.28332,1174.0
CI.SPG2,36.20057,-118.76624,627.0
CI.SRT,35.69235,-117.75051,667.0
CI.TEH,35.2913,-118.42079,846.0
CI.TOW2,35.80856,-117.76488,685.0
CI.WAS2,35.7377,-118.55743,1828.0
CI.WBM,35.60839,-117.89049,892.0
CI.WBS,35.53664,-118.14035,1927.0
CI.WCS2,36.02521,-117.76526,1143.0
CI.WHF,35.69513,-118.35183,859.0
CI.WMF,36.11774,-117.85484,1513.0
CI.WNM,35.8422,-117.90616,974.346436
CI.WOR,35.69563,-118.24246,795.0
CI.WRC2,35.9479,-117.65038,943.0
CI.WRV2,36.00774,-117.8904,1070.0
CI.WVP2,35.94939,-117.81769,1465.0
NN.GWY,36.1859,-116.6697,1557.5
NN.QSM,35.965,-116.869102,385.0
PB.B916,36.1925,-117.6685,1859.9
PB.B917,35.4053,-117.258797,1192.0
PB.B921,35.5865,-117.4622,694.5
